Close,Adj_Close,Chg
43.48,36.565639,0
44.119999,37.103859,0.014719283
44.029999,37.028172,-0.002039869
44.540001,37.457066,0.01158291
44.43,37.364559,-0.002469681
44.73,37.616863,0.006752495
44.599998,37.507526,-0.002906595
45.110001,37.936428,0.011435092
43.880001,36.902031,-0.027266589
44.18,37.154324,0.006836832
44.98,37.827106,0.018107771
45.23,38.037342,0.005557813
45.950001,38.642845,0.015918646
45.310001,38.104622,-0.013928141
45.299999,38.096203,-0.000220944
46.310001,38.945591,0.02229587
46.27,38.911961,-0.000863512
44.790001,37.667316,-0.03198618
45.509998,38.27282,0.01607505
45.189999,38.003704,-0.007031517
45.98,38.668083,0.017481954
46.549999,39.147434,0.012396555
46.610001,39.197887,0.001288795
46.259998,38.903542,-0.007509206
46.75,39.315628,0.010592506
46.540001,39.139023,-0.00449198
46.810001,39.366093,0.005801627
46.360001,38.987644,-0.009613578
46.869999,39.416546,0.011000973
46.720001,39.290394,-0.003200483
46.860001,39.408138,0.002996763
46.75,39.315628,-0.002347485
45.77,38.491459,-0.020962885
44.040001,37.036587,-0.037797268
44.349998,37.297283,0.007038878
45.439999,38.213947,0.024577233
45.970001,38.659668,0.01166383
45.59,38.340096,-0.008266289
46.82,39.374496,0.026979588
45.599998,38.348507,-0.026057197
45.93,38.626034,0.00723697
45.919998,38.617611,-0.000218065
45.040001,37.877563,-0.019163485
44.16,37.137505,-0.019538163
44.130001,37.112267,-0.000679583
43.630001,36.69178,-0.011330135
43.810001,36.843155,0.004125583
44.23,37.196362,0.009586774
44.23,37.196362,0
43.549999,36.624504,-0.01537403
42.970001,36.136742,-0.013317914
43.52,36.599277,0.012799577
44.099998,37.087044,0.01332723
44.119999,37.103859,0.000453393
43.639999,36.700199,-0.010879192
44.360001,37.305698,0.016498521
43.580002,36.649731,-0.017583561
42.810001,36.00219,-0.01766837
43.310001,36.422665,0.011679151
44.799999,37.675728,0.034403386
44.450001,37.381382,-0.007812616
43.990002,36.994534,-0.010348681
44.700001,37.591629,0.016140087
44.66,37.557987,-0.000894933
44.48,37.406605,-0.004030621
44.98,37.827106,0.011241357
43.959999,36.969299,-0.022677045
44.049999,37.044983,0.002047212
44.349998,37.297283,0.006810639
44.950001,37.801884,0.013529162
45.009998,37.852329,0.001334457
44.849998,37.717777,-0.003554656
45.380001,38.163486,0.011816948
45.380001,38.163486,0
45.139999,37.961655,-0.005288589
44.459999,37.389793,-0.015064201
44.080002,37.070229,-0.008546825
43.32,36.431084,-0.017241463
42.919998,36.094685,-0.009233845
42.59,35.817169,-0.007688556
42.32,35.590103,-0.006339585
41.360001,34.782768,-0.022684256
41.220001,34.665031,-0.003384923
40.470001,34.034298,-0.01819508
39.84,33.504478,-0.015567237
39.630001,33.327881,-0.005270848
40.389999,33.967014,0.019177127
40.349998,33.933376,-0.000990314
40.049999,33.681091,-0.007434716
39.610001,33.311054,-0.010986491
39.43,33.159679,-0.004544287
40.77,34.286591,0.033984406
40.310001,33.899734,-0.011283041
40.599998,34.143623,0.007194422
39.669998,33.361515,-0.022906415
39.470001,33.193325,-0.005041438
39.490002,33.210144,0.000506698
40.509998,34.067932,0.025829096
40.990002,34.471607,0.01184912
40.150002,33.765186,-0.020492836
40.110001,33.731548,-0.000996233
41.040001,34.513653,0.023186158
40.889999,34.387508,-0.00365493
41.07,34.538883,0.004402035
41.650002,35.026649,0.014122229
42.009998,35.329403,0.008643533
42.490002,35.73307,0.011425809
42.220001,35.506012,-0.006354282
39.639999,34.003963,-0.042304075
39.77,34.115482,0.003279588
38.900002,33.369186,-0.021875581
39.25,33.669411,0.008997073
39.950001,34.26989,0.017834556
39.5,33.883862,-0.011264349
40.91,35.093388,0.035696226
40.959999,35.136284,0.001222339
41.59,35.676712,0.015380909
41.369999,35.487991,-0.005289753
40.709999,34.921837,-0.015953397
40.18,34.46719,-0.013018989
39.529999,33.909599,-0.016177443
39.860001,34.192684,0.008348226
39.290001,33.703724,-0.014300135
39.790001,34.132648,0.012726309
39.720001,34.072594,-0.00175943
40.419998,34.673065,0.017623284
40.110001,34.407139,-0.007669527
40.599998,34.827469,0.01221636
39.889999,34.218414,-0.017487777
39.389999,33.789509,-0.012534333
39.16,33.592213,-0.005838972
39.029999,33.480694,-0.003319787
39.779999,34.124054,0.01921585
40.869999,35.059078,0.02740073
40.509998,34.750275,-0.008808075
40.75,34.956146,0.005924298
40.919998,35.101967,0.004171541
40.459999,34.707375,-0.011241307
41.43,35.539459,0.023974271
41.610001,35.693867,0.004344692
41.880001,35.925484,0.006488986
41.77,35.831116,-0.00262677
41.98,36.011253,0.00502739
41.900002,35.942631,-0.001905571
41.540001,35.63382,-0.008591775
41.57,35.65955,0.000722067
41.509998,35.608082,-0.001443316
41.369999,35.487991,-0.003372577
41.41,35.522308,0.000967003
41.400002,35.513733,-0.000241398
41.259998,35.393627,-0.003381959
41.139999,35.290703,-0.002907981
41.029999,35.196339,-0.002673905
40.849998,35.04192,-0.00438736
40.380001,34.638748,-0.01150542
40.32,34.587284,-0.001485735
40.240002,34.518658,-0.00198414
39.580002,33.952496,-0.016401623
39.75,34.098328,0.004295178
39.360001,33.763775,-0.009811419
38.919998,33.386337,-0.011178786
39.759998,34.106899,0.021582541
40.720001,34.930408,0.024144939
40.259998,34.535812,-0.011296633
40.610001,34.836044,0.008693353
40.970001,35.144863,0.008864927
41.970001,36.002682,0.024408091
42.509998,36.4659,0.012866208
41.970001,36.002682,-0.012702772
41.810001,35.865433,-0.003812188
42.25,36.242882,0.010524033
41.740002,35.805393,-0.012071032
42.029999,36.054161,0.00694778
42,36.028408,-0.000714286
41.439999,35.548038,-0.01333309
41.080002,35.239227,-0.008687146
42.110001,36.122784,0.02507311
42,36.028408,-0.002612645
42.360001,36.337238,0.008571847
42.380001,36.354393,0.000472105
42.330002,36.311504,-0.001179747
42.700001,36.628891,0.008740673
42.91,36.809032,0.004918003
42.459999,36.423019,-0.01048691
42.25,36.242882,-0.004945691
42.509998,36.4659,0.006153429
43.32,37.16074,0.019054514
43.52,37.332306,0.004616862
43.68,37.469555,0.003676414
44.09,37.821266,0.009386581
44.619999,38.275909,0.01202083
44.630001,38.284492,0.00022424
44.310001,38.009979,-0.007170345
44.939999,38.550396,0.014217766
44.150002,37.872734,-0.0175786
44.59,38.250175,0.009966035
44.849998,38.473206,0.005830849
44.32,38.018555,-0.011817341
44.360001,38.052872,0.000902638
45.68,39.185196,0.029756598
45.459999,38.996471,-0.004816232
45.970001,39.433956,0.011218579
46.189999,39.622684,0.004785926
45.169998,38.747704,-0.022082805
44.400002,38.087189,-0.017046558
44.450001,38.130074,0.001125969
44.73,38.370266,0.00629928
44.049999,37.786953,-0.015202214
43.68,37.469555,-0.008399672
43.630001,37.426662,-0.001144743
43.599998,37.400925,-0.000687665
44.59,38.250175,0.022706658
44.169998,37.889881,-0.009419408
44.529999,38.198704,0.00815054
45.459999,38.996471,0.020884661
45.349998,38.902107,-0.002419809
44.830002,38.456047,-0.011466217
45,38.601883,0.003792277
45.119999,38.704811,0.002666398
45.279999,38.842072,0.003546355
44.93,38.541824,-0.007729969
45.16,38.739124,0.005119114
46.330002,39.742783,0.025908149
46.470001,39.862873,0.003021681
46.509998,39.897186,0.000860776
46.950001,40.27462,0.009460166
46.939999,40.266048,-0.000212839
47.049999,40.360405,0.002343339
46.59,39.965813,-0.009776711
47.259998,40.54055,0.014380716
47.360001,40.626331,0.002115931
47.43,40.76643,0.003448478
47.369999,40.714859,-0.001265036
47.82,41.101635,0.009499628
47.220001,40.585938,-0.012546873
47.099998,40.482792,-0.002541422
47.549999,40.869572,0.009554183
47.540001,40.860977,-0.000210303
47.57,40.886753,0.000630822
48.5,41.686108,0.019550464
50,42.975365,0.030927737
49.779999,42.786274,-0.004399986
49.75,42.760483,-0.000602787
49.5,42.545609,-0.00502506
48.810001,41.952549,-0.013939394
49.23,42.313541,0.008604769
49.810001,42.812054,0.011781406
49.25,42.330734,-0.011242628
49.360001,42.425278,0.00223346
49.360001,42.425278,0
49.450001,42.502636,0.001823394
49.599998,42.631557,0.003033247
49.790001,42.794868,0.003830754
49.869999,42.863628,0.001606735
49.639999,42.665939,-0.004612045
49.68,42.700325,0.000805936
49.150002,42.244778,-0.010668467
48.990002,42.107258,-0.003255314
49.759998,42.769077,0.015717457
49.790001,42.794868,0.000603029
49.580002,42.614376,-0.004217609
49.93,42.915199,0.007059191
48.689999,41.849419,-0.024834558
48.889999,42.021309,0.004107345
48.810001,41.952549,-0.001636313
47.970001,41.230568,-0.017209467
48.57,41.746269,0.012507735
48.52,41.703297,-0.001029361
48.549999,41.729076,0.000618153
48.880001,42.012726,0.006797419
48.91,42.038502,0.000613528
49.07,42.176022,0.003271287
48.200001,41.428246,-0.017729885
47.759998,41.050064,-0.009128603
47.060001,40.44841,-0.014656591
47.110001,40.491383,0.001062415
46.369999,39.855354,-0.015707762
46.41,39.889732,0.000862569
47.02,40.414032,0.013143733
47.360001,40.706264,0.007230954
47.169998,40.542961,-0.004011741
46.459999,39.932713,-0.015051885
46.860001,40.276516,0.008609558
47.060001,40.44841,0.004267847
47.220001,40.585938,0.003400084
47.779999,41.067261,0.011859354
47.220001,40.585938,-0.011720358
46.43,39.906918,-0.016730425
45.599998,39.193527,-0.017876374
46.279999,39.777996,0.014912386
45.740002,39.313862,-0.011668109
44.93,38.617657,-0.017708894
44.580002,38.316837,-0.007789701
45.66,39.245102,0.024226034
45.189999,38.841133,-0.010293488
45.380001,39.004429,0.004204203
45.080002,38.746586,-0.006610608
45.650002,39.236507,0.012644237
45.720001,39.296677,0.001533521
45.310001,38.944279,-0.008967628
44.799999,38.505928,-0.011255851
44.860001,38.557499,0.0013393
44.200001,37.990223,-0.014712469
44.240002,38.024609,0.000905128
43.82,37.663609,-0.009493852
43.869999,37.706589,0.001141155
44.52,38.26527,0.014816535
44.860001,38.557499,0.007636925
44.68,38.402786,-0.004012527
44.279999,38.058983,-0.008952554
43.009998,36.967415,-0.028680956
43.799999,37.64642,0.018367662
42.990002,36.950222,-0.018493073
43.150002,37.087734,0.003721547
44.400002,38.162125,0.028968904
44.82,38.523121,0.009459536
44.650002,38.376999,-0.003793099
45.049999,38.720802,0.008958569
45.529999,39.133366,0.010654841
45.23,38.875515,-0.006589032
45.790001,39.356842,0.012381238
46.189999,39.700642,0.008735457
45.529999,39.133366,-0.014288837
45.810001,39.374035,0.006149969
46.259998,39.760807,0.009823022
46.41,39.889732,0.003242515
46.93,40.336674,0.011204437
47.369999,40.714859,0.009375711
46.939999,40.345276,-0.009077349
47.139999,40.517166,0.004260474
46.439999,39.915512,-0.01484936
46.490002,39.958488,0.001076674
46.540001,40.001469,0.001075641
46.279999,39.777996,-0.00558662
46.779999,40.207752,0.010803863
47.240002,40.603123,0.009833203
47.07,40.457012,-0.003598516
46.240002,39.743618,-0.017633383
45.98,39.520149,-0.005622764
45.220001,38.866917,-0.016529087
46,39.537331,0.017248963
45.470001,39.081799,-0.011521567
45.610001,39.202126,0.00307885
44.759998,38.47155,-0.018636132
45.34,38.970062,0.012957939
44.830002,38.531712,-0.011248378
44.209999,37.998814,-0.013830115
44.560001,38.299644,0.007916826
44.220001,38.007404,-0.007630358
43.73,37.58625,-0.011080841
43.040001,36.993183,-0.015778829
42.91,36.881454,-0.003020259
43.380001,37.285423,0.010953174
42.240002,36.305584,-0.026279412
42.919998,36.890049,0.016098488
42.939999,36.907242,0.000466061
41.73,35.867237,-0.028178887
40.119999,34.483429,-0.038581394
40.59,34.887398,0.011714873
39.610001,34.045078,-0.024143962
40.220001,34.569378,0.01540017
41.09,35.317154,0.021631167
40.610001,35.708439,0.011079177
40.860001,35.928272,0.006156332
40.740002,35.822746,-0.00293713
40.169998,35.321548,-0.013991055
39.830002,35.022587,-0.008463984
39.990002,35.163277,0.004017122
40.189999,35.339142,0.005001383
40.349998,35.479824,0.003980912
40.27,35.409485,-0.001982507
42.330002,37.220844,0.051154627
41.470001,36.464634,-0.020316842
41.900002,36.842751,0.010369417
42.110001,37.027401,0.005011841
42.16,37.071354,0.00118704
41.900002,36.842751,-0.006166567
42,36.930664,0.002386168
42.130001,37.044983,0.003095504
43.189999,37.977039,0.025160114
42.84,37.669285,-0.008103686
43.200001,37.98584,0.008403531
43.279999,38.056179,0.001851716
42.709999,37.554977,-0.013170056
42.73,37.572567,0.00046838
42.560001,37.42308,-0.003978621
43.560001,38.302387,0.023496382
43.66,38.390316,0.002295653
43.25,38.029793,-0.009390988
42.98,37.792385,-0.006242685
42.310001,37.203262,-0.015588405
43.029999,37.836349,0.017016976
43.220001,38.003426,0.00441578
44.43,39.067371,0.027996029
45.060001,39.621338,0.014179787
45.169998,39.718056,0.002441058
44.759998,39.357548,-0.009076678
44.66,39.269611,-0.002234311
44.450001,39.084961,-0.004702109
43.950001,38.645309,-0.011248623
43.16,37.950657,-0.017975067
44.220001,38.882725,0.024559996
44.18,38.847549,-0.000904669
44.07,38.750828,-0.002489758
43.419998,38.179276,-0.014749414
43.389999,38.152897,-0.000690925
43.48,38.232037,0.002074285
43.709999,38.434277,0.005289804
44.73,39.331161,0.023335524
45.400002,39.9203,0.014978937
45.900002,40.359943,0.011013018
46.110001,40.544598,0.004575205
47.16,41.467869,0.022771739
47.799999,42.030617,0.0135707
47.349998,41.634937,-0.00941409
46.799999,41.151318,-0.011615701
47.099998,41.415115,0.006410414
47.419998,41.696484,0.006793872
47.189999,41.494247,-0.004850217
48.16,42.347172,0.020555259
47.790001,42.021828,-0.00768278
47.240002,41.538212,-0.011508685
47.639999,41.889931,0.00846736
47.099998,41.415115,-0.011334848
46.849998,41.195286,-0.005307941
46.799999,41.151318,-0.001067307
46.599998,40.975456,-0.004273545
46.049999,40.491837,-0.011802651
46.68,41.045803,0.01368093
46.779999,41.133739,0.002142387
46.610001,40.984257,-0.003634048
47.259998,41.555798,0.013945379
46.779999,41.133739,-0.010156441
46.689999,41.0546,-0.001923944
46.959999,41.292004,0.005782641
47.619999,41.872349,0.014054658
47.860001,42.083378,0.005039818
48.080002,42.276836,0.004597017
47.470001,41.740456,-0.012687326
47.669998,41.916309,0.004213011
47.540001,41.802006,-0.002726934
47.650002,41.898727,0.002313788
47.849998,42.074593,0.004197407
47.82,42.04821,-0.000627053
46.389999,40.790806,-0.029903865
45.880001,40.342361,-0.010993776
45.880001,40.342361,0
45.959999,40.412708,0.00174375
46.41,40.808395,0.009791153
46.880001,41.221664,0.010127058
46.950001,41.283215,0.001493171
47.27,41.56459,0.006815724
47.360001,41.643726,0.001903928
46.869999,41.212875,-0.01034612
46.799999,41.151318,-0.001493635
46.049999,40.491837,-0.016025756
46.139999,40.570984,0.001954641
46.400002,40.79961,0.00563521
46.080002,40.518219,-0.006896904
45.84,40.30719,-0.00520825
46.349998,40.755638,0.011125757
48.18,42.364758,0.039482145
49.470001,43.499065,0.026774778
49.349998,43.393536,-0.002426006
48.849998,42.953884,-0.010131739
49.040001,43.120953,0.003889497
49.349998,43.393536,0.006321358
48.48,42.628548,-0.017629077
48.91,43.006649,0.008869666
49.869999,43.850777,0.019627849
49.880001,43.859573,0.000200589
49.200001,43.261635,-0.01363301
48.939999,43.033028,-0.005284289
49.259998,43.314404,0.006538606
49.009998,43.09457,-0.005075309
49.959999,43.929913,0.01938395
49.689999,43.692497,-0.005404427
49.639999,43.64854,-0.001006054
48.220001,42.399933,-0.028605928
47.849998,42.074593,-0.007673125
48.18,42.364758,0.006896442
48.139999,42.329578,-0.000830407
47.509998,41.775623,-0.013086712
48.09,42.481441,0.016895451
47.130001,41.633408,-0.019962435
46.82,41.359547,-0.006577915
46.77,41.315384,-0.001067782
47.509998,41.969082,0.015822145
47.150002,41.651073,-0.007577221
47.900002,42.313599,0.015906577
47.709999,42.145763,-0.003966479
48.220001,42.596287,0.010689663
46.799999,41.341888,-0.029448553
46.349998,40.94437,-0.009615381
45.650002,40.326012,-0.015102394
45.669998,40.343674,0.00043798
46.150002,40.767696,0.010510248
45.52,40.211166,-0.01365125
46.299999,40.900196,0.01713529
45.5,40.193501,-0.017278524
46.130001,40.750034,0.013846343
46.040001,40.670525,-0.001951139
45.759998,40.423176,-0.006081775
45.759998,40.423176,0
45.709999,40.379009,-0.001092616
46.599998,41.165207,0.019470463
44.98,39.734146,-0.034763848
43.68,38.58577,-0.028901489
43.540001,38.462093,-0.003205249
43.98,38.850784,0.01010582
43.830002,38.718277,-0.003410665
43.93,38.80661,0.002281429
43.91,38.78894,-0.000455335
42.77,37.781895,-0.025962169
43.34,38.285416,0.013327045
42.849998,37.852558,-0.011306081
43.490002,38.417923,0.014935979
43.77,38.665268,0.006438271
43.48,38.409088,-0.006625584
44.799999,39.575142,0.030358805
44.75,39.530979,-0.001115928
45.060001,39.804817,0.006927175
45.419998,40.122833,0.007989385
45.349998,40.060989,-0.001541367
45.48,40.175835,0.002866779
45.27,39.99033,-0.004617328
45.360001,40.069836,0.001988131
44.869999,39.636978,-0.01080259
44.099998,38.956779,-0.017160718
44.299999,39.133453,0.004535129
45.450001,40.149345,0.025959682
45.27,39.99033,-0.003960588
44.810001,39.583977,-0.010161281
45.32,40.034496,0.011381348
44.880001,39.645805,-0.009708902
45.369999,40.078667,0.01091823
44.799999,39.575142,-0.012563417
44.169998,39.01862,-0.014062413
43.599998,38.515087,-0.012904941
43.450001,38.382584,-0.003440288
42.48,37.525719,-0.022324318
42.419998,37.472713,-0.001412525
42.52,37.56105,0.002357369
43.200001,38.161747,0.015992551
42.599998,37.631721,-0.013888934
42.41,37.463879,-0.00446012
43.369999,38.311913,0.022636044
43.700001,38.603432,0.007609095
44.009998,38.87727,0.007093618
43.900002,38.780106,-0.00249925
44.119999,38.974449,0.00501141
44.93,39.689983,0.018359054
44.990002,39.742985,0.0013354
45.349998,40.060989,0.008001513
45.470001,40.167007,0.002646415
45.369999,40.078667,-0.002199317
44.990002,39.742985,-0.008375578
45.130001,39.86665,0.003111618
45.68,40.352516,0.012187279
46.299999,40.900196,0.013572388
46.400002,40.988541,0.002160014
45.889999,40.538025,-0.010991267
45.880001,40.529194,-0.000217845
44.740002,39.522148,-0.024847422
45.290001,40.007996,0.012293057
45.43,40.131668,0.003091182
45.139999,39.875488,-0.006383487
44.889999,39.654648,-0.005538239
44.459999,39.274788,-0.009579205
44.450001,39.265965,-0.000224648
44.060001,38.921444,-0.008774036
43.599998,38.515087,-0.01044044
44.16,39.009789,0.012844369
43.84,38.727104,-0.007246514
43.91,38.78894,0.001596711
44.119999,38.974449,0.004782523
43.720001,38.621105,-0.009066042
43.73,38.629932,0.000228554
43.59,38.506256,-0.003201559
43.349998,38.294247,-0.005505833
43.290001,38.241249,-0.001383968
44.259998,39.098118,0.02240693
44.450001,39.265965,0.004292969
44.880001,39.645805,0.009673518
44.740002,39.522148,-0.003119044
45.080002,39.822479,0.007599056
44.939999,39.698814,-0.003105407
44.75,39.530979,-0.004227708
45.259998,39.981491,0.011396429
45.759998,40.423176,0.011047237
45.810001,40.46735,0.001092789
45.59,40.273006,-0.004802489
45.900002,40.546856,0.00679984
45.860001,40.511517,-0.00087156
45.860001,40.511517,0
46.220001,40.829536,0.007850089
46.66,41.21822,0.009519677
46.240002,40.847198,-0.009001408
46.599998,41.165207,0.007785332
46.389999,40.97971,-0.00450616
46.810001,41.350723,0.009053578
47.139999,41.642231,0.007049647
46.810001,41.350723,-0.007000297
46.790001,41.333061,-0.000427127
47.369999,41.845409,0.012395598
47.240002,41.730576,-0.00274422
47.240002,41.730576,0
47.470001,41.93375,0.004868708
47.049999,41.562737,-0.008847599
46.98,41.500893,-0.001487967
46.41,40.997372,-0.012132775
46.240002,40.847198,-0.003663015
45.860001,41.159531,0.007646375
46.330002,41.58136,0.010248635
46.450001,41.689053,0.002589935
46.369999,41.617256,-0.001722203
46.700001,41.913433,0.007116687
47.34,42.487846,0.013704747
47.810001,42.909668,0.009928063
47.939999,43.026333,0.002718851
47.669998,42.784012,-0.005631923
47.5,42.631435,-0.003566215
47.209999,42.371166,-0.006105096
47.419998,42.559639,0.004448143
47.959999,43.044296,0.011387714
47.970001,43.053268,0.000208436
48.27,43.322517,0.006253857
47.57,42.69426,-0.014501858
47.889999,42.981461,0.006726923
47.91,42.999416,0.000417738
48.810001,43.807175,0.018785348
49.310001,44.25592,0.010243642
49.779999,44.67775,0.009531606
49.77,44.668774,-0.000200905
50.57,45.386772,0.016073824
50.43,45.261124,-0.002768384
50.060001,44.92905,-0.007336848
49.490002,44.417477,-0.011386241
49.939999,44.821354,0.00909275
50.48,45.306004,0.010812926
49.959999,44.839294,-0.010301284
49.75,44.650826,-0.004203188
49.419998,44.354649,-0.006633181
50.25,45.099575,0.016794767
50.799999,45.593208,0.010945402
50.889999,45.673977,0.001771514
51.400002,46.131702,0.010021571
50.919998,45.700909,-0.009338329
50.900002,45.682949,-0.00039299
51.209999,45.961174,0.006090347
51.299999,46.041958,0.001757657
51.18,45.934254,-0.002339258
50.630001,45.440632,-0.010746272
50.66,45.467552,0.000592421
51.049999,45.817577,0.007698347
51.060001,45.826557,0.000195995
50.790001,45.584225,-0.005288025
50.080002,44.946999,-0.01397909
50.130001,44.991875,0.00099842
50.439999,45.2701,0.006183894
51.93,46.60738,0.029540028
51.970001,46.643276,0.000770178
52.419998,47.047157,0.008658933
52.130001,46.786888,-0.005532088
51.720001,46.418911,-0.00786496
51.060001,45.826557,-0.012761049
50.82,45.611153,-0.004700419
50.490002,45.314976,-0.006493521
49.830002,44.722618,-0.013072014
50.200001,45.054707,0.007425527
49.869999,44.758522,-0.006573897
49.849998,44.740566,-0.000401175
49.349998,44.291828,-0.010029779
48.470001,43.502022,-0.017831867
48.209999,43.268677,-0.005364004
49.200001,44.157196,0.020534924
48.369999,43.412266,-0.016869957
48.52,43.546886,0.003100967
47.299999,42.451946,-0.025143933
47.380001,42.523746,0.001691324
46.490002,41.72496,-0.018784469
46.369999,41.617256,-0.002581285
47.119999,42.290386,0.0161743
48.049999,43.125065,0.01973685
47.68,42.792988,-0.007700325
48.459999,43.493046,0.016359175
47.759998,42.864788,-0.014445022
46.849998,42.048058,-0.019053634
47.130001,42.299366,0.005976685
47.18,42.344238,0.00106082
46.959999,42.146786,-0.004663019
46.790001,41.994217,-0.003619944
47.27,42.425011,0.010258412
47.389999,42.532707,0.002538503
47.540001,42.667339,0.003165376
47.43,42.568619,-0.002313714
47.700001,42.810947,0.005692644
47.830002,42.92762,0.002725308
47.32,42.469883,-0.010662995
48.459999,43.493046,0.024091496
48.610001,43.62767,0.003095299
48.650002,43.66357,0.000822872
49.209999,44.166164,0.011510603
48.889999,43.878963,-0.006502738
49.099998,44.067444,0.004295475
48.790001,43.789215,-0.006313709
48.700001,43.708443,-0.001844564
48.549999,43.573818,-0.003080069
48.619999,43.636642,0.001441783
48.77,43.771271,0.003085228
48.73,43.735371,-0.000820173
49.029999,44.004627,0.006156481
50.040001,44.911102,0.020599538
48.669998,43.681519,-0.027378153
48.200001,43.259693,-0.009656853
47.950001,43.035316,-0.005186745
47.66,42.775036,-0.006048056
49.330002,44.273876,0.035040064
49.299999,44.246948,-0.000608214
48.959999,43.941792,-0.006896656
50.330002,45.171375,0.027982086
49.779999,44.67775,-0.010927828
48.52,43.546886,-0.02531157
49.52,44.444401,0.020610314
49.23,44.184116,-0.005856418
50.400002,45.234203,0.023766165
50.889999,45.673977,0.009722156
50.369999,45.207275,-0.010218116
48.790001,43.789215,-0.03136796
48.52,43.546886,-0.005533988
48.82,43.816147,0.006183244
48.139999,43.205841,-0.013928792
47.950001,43.035316,-0.003946804
47.77,42.87376,-0.003754033
48.43,43.879467,0.023457401
48.709999,44.133163,0.005781656
48.91,44.314373,0.004105983
49.84,45.156986,0.01901444
49.209999,44.586178,-0.012640525
48.880001,44.287189,-0.006705867
50.080002,45.374435,0.024549899
50.049999,45.347256,-0.000598994
49.459999,44.812691,-0.011788255
50.23,45.510338,0.015568068
50.259998,45.537529,0.000597469
50.189999,45.474098,-0.001392939
49.709999,45.039204,-0.009563554
50.98,46.189865,0.025547987
51.490002,46.651955,0.010004143
51.32,46.497925,-0.003301684
50.849998,46.072083,-0.009158301
51.43,46.597584,0.011406061
50.900002,46.117393,-0.010305062
51.200001,46.389194,0.005893677
50.950001,46.162689,-0.00488271
50.560001,45.809334,-0.007654558
52.18,47.277115,0.03204109
53.060001,48.074429,0.016864692
52.849998,47.884163,-0.003957738
52.759998,47.802608,-0.001703173
51.900002,47.023426,-0.016299989
51.150002,46.343899,-0.014450819
51.509998,46.670067,0.007037992
50.400002,45.664368,-0.021549123
51.099998,46.298595,0.013888882
51.830002,46.960011,0.014285876
52.240002,47.331474,0.007910198
52.169998,47.268051,-0.001339975
51.029999,46.235165,-0.021851673
50.779999,46.008663,-0.004898912
51.099998,46.298595,0.006301683
51.049999,46.253292,-0.000978496
51.810001,46.941875,0.014887221
52.119999,47.222752,0.005983506
52.369999,47.449261,0.004796607
52.189999,47.286175,-0.003437061
52.130001,47.231815,-0.001149596
52.490002,47.557995,0.006905938
52.09,47.195572,-0.007620653
52.709999,47.757317,0.011902494
52.540001,47.603287,-0.003225265
53.080002,48.092556,0.010278051
53.060001,48.074429,-0.000376919
53.299999,48.29187,0.004523007
52,47.114029,-0.024390047
51.48,46.642883,-0.010000121
51.200001,46.389194,-0.005438965
50.650002,45.890873,-0.010742178
51.099998,46.298595,0.008884599
50,45.301952,-0.02152642
50.279999,45.555641,0.005599957
50.759998,45.99054,0.009546546
50.939999,46.153625,0.003546055
51.830002,46.960011,0.01747178
52.139999,47.240868,0.005980769
52.91,47.938526,0.014768103
52.790001,47.8298,-0.00226803
52.970001,47.992886,0.003409715
52.900002,47.92947,-0.001321363
52.689999,47.739201,-0.003969771
52.07,47.177448,-0.011767122
52.080002,47.186516,0.00019221
52.84,47.875103,0.014592876
54.790001,49.641876,0.036903795
54.5,49.379131,-0.00529281
55.389999,50.185493,0.016330016
56.07,50.801613,0.012276855
56.709999,51.381477,0.011414283
56.75,51.417713,0.000705235
60.209999,54.552605,0.060969106
62.84,56.935493,0.043680554
62.25,56.400921,-0.009389082
62.77,56.872066,0.008353498
62.209999,56.364685,-0.008921445
62.470001,56.600254,0.004179372
63.439999,57.479118,0.015527563
61.220001,55.467705,-0.034993804
61.560001,55.775764,0.005553844
62.889999,56.980793,0.021604886
64.07,58.049919,0.018762919
63.529999,57.560658,-0.00842828
63.540001,57.569717,0.000157382
64.400002,58.348915,0.013534859
64.43,58.376099,0.000465887
63.59,57.615021,-0.013037493
62.68,56.790527,-0.0143104
63.259998,57.316029,0.009253339
63.779999,57.787174,0.008220126
61.84,56.029457,-0.030417078
60.509998,54.824413,-0.02150733
60.18,54.525425,-0.005453556
61.580002,55.793884,0.023263624
61.18,55.431461,-0.006495748
60.869999,55.150597,-0.00506687
60.32,54.652264,-0.009035859
60.75,55.04187,0.007128817
61.790001,55.984161,0.017119531
61.09,55.349918,-0.011328972
61.75,55.947899,0.010803647
61.290001,55.531136,-0.007449127
61.040001,55.304626,-0.004078973
62.799999,56.899246,0.028833393
63.060001,57.134819,0.004140178
63,57.08046,-0.000951416
60.77,55.059994,-0.035396807
59.849998,54.226429,-0.015139213
60.509998,54.824413,0.011027538
60.41,54.733822,-0.001652384
60.889999,55.168709,0.007945489
60.349998,54.679455,-0.008868324
59.939999,54.30798,-0.006793685
60.07,54.425766,0.002168853
59.209999,53.646572,-0.014316638
58.77,53.247913,-0.007431211
59.139999,53.583145,0.006295683
59.630001,54.027103,0.008285404
58.040001,52.586502,-0.026664413
57.259998,51.879791,-0.013439019
57.529999,52.12442,0.004715304
57.810001,52.378117,0.004867143
57.259998,51.879791,-0.009514011
57.950001,52.504963,0.012050395
59.34,53.764351,0.023986075
59.439999,53.854954,0.001685187
57.919998,53.013809,-0.015618712
56.419998,51.640862,-0.025897913
54.82,50.176395,-0.028358686
56.040001,51.293049,0.022254568
55.639999,50.926933,-0.007137731
55.669998,50.954391,0.000539165
52.860001,48.38242,-0.050475944
50.720001,46.423691,-0.040484312
47.34,43.329998,-0.066640393
49.720001,45.508396,0.050274593
52.279999,47.851547,0.051488323
52.549999,48.098675,0.005164473
52.509998,48.062061,-0.000761227
51.279999,46.936256,-0.023423985
52.27,47.8424,0.019305843
52.759998,48.290878,0.00937407
52.529999,48.080372,-0.004359126
52.82,48.345802,0.005520548
52.150002,47.732559,-0.012684514
52.139999,47.723404,-0.000191798
51.560001,47.192532,-0.011123934
49.27,45.096516,-0.044414146
50.139999,45.892815,0.017657661
50.82,46.515217,0.013562079
50.130001,45.883663,-0.013577363
50.040001,45.8013,-0.00179504
49.259998,45.087357,-0.015587833
49.5,45.307034,0.004872253
49.860001,45.636539,0.007272712
49.299999,45.123978,-0.011231373
49.810001,45.590775,0.010344766
50.950001,46.634209,0.022886955
50.32,46.057564,-0.012365279
49.349998,45.169735,-0.019276508
49.540001,45.343643,0.0038501
49.73,45.517548,0.003835267
49.509998,45.316181,-0.004423942
48.43,44.327667,-0.021813709
47.380001,43.366611,-0.021680726
45.970001,42.07605,-0.029759323
44.57,40.79464,-0.030454617
41.380001,37.874851,-0.071572859
42.639999,39.028114,0.030449308
43.740002,40.034939,0.025797429
45.860001,41.975361,0.048468214
44.669998,40.886169,-0.025948365
44.099998,40.364445,-0.012760403
42.07,38.506393,-0.046031898
42.610001,39.000656,0.012835869
42.860001,39.229481,0.005867209
41.669998,38.140282,-0.027764808
44.41,40.648182,0.065754627
44.400002,40.63903,-0.000225152
44.580002,40.803787,0.004054157
44.900002,41.096676,0.007177986
44.450001,40.684799,-0.010022149
44.970001,41.160759,0.011698718
46.310001,42.387249,0.029797555
45.66,41.792305,-0.014035919
44.75,40.959385,-0.019929985
45.540001,41.682465,0.017653585
44.799999,41.005157,-0.016249231
44.07,40.336987,-0.01629478
43.849998,40.13562,-0.004992118
43.66,39.96172,-0.00433281
42.630001,39.018963,-0.023591502
42.720001,39.101341,0.00211123
43.810001,40.09901,0.025514956
44.110001,40.373592,0.0068476
45.84,41.957058,0.03922034
46.459999,42.52454,0.013525305
45.84,41.957058,-0.013344812
47.509998,43.485596,0.03643101
47.860001,43.80595,0.007366899
47.540001,43.513058,-0.006686124
47.610001,43.577126,0.001472386
47.040001,43.055412,-0.011972198
47.110001,43.11948,0.001488036
48.82,44.684631,0.036298003
48.919998,44.776157,0.002048266
48.490002,44.382587,-0.008789723
48.5,44.391743,0.000206297
47.889999,43.833408,-0.012577452
49.009998,44.858536,0.023386911
49.889999,45.663998,0.017955602
48.900002,44.757854,-0.019843729
48.529999,44.419193,-0.007566516
47.959999,43.897476,-0.011745306
47.450001,43.430683,-0.010633709
47.299999,43.293388,-0.003161244
47.759998,43.71442,0.009725088
47.830002,43.778492,0.001465695
48.349998,44.25444,0.010871731
48.580002,44.464962,0.004757082
48.27,44.181225,-0.006381137
47.259998,43.256783,-0.020923865
46.959999,42.982185,-0.006348091
47.040001,43.055412,0.001703659
46.990002,43.009651,-0.00106284
46.200001,42.286564,-0.016812203
46.990002,43.009651,0.017099687
46.75,42.789974,-0.005107621
47.209999,43.21101,0.009839595
47.299999,43.293388,0.001906412
48.02,43.952396,0.015221909
47.630001,43.59544,-0.008121423
47.639999,43.604584,0.000209747
47.48,43.458141,-0.003358431
46.259998,42.341476,-0.025695186
46.75,42.789974,0.010592404
46.950001,42.973034,0.004278105
46.560001,42.61607,-0.008306698
46.259998,42.341476,-0.006443438
46.75,42.789974,0.010592404
46.27,42.350632,-0.010267405
45.619999,41.755695,-0.01404789
45.209999,41.380421,-0.008987373
44.919998,41.114986,-0.006414507
43.66,39.96172,-0.028049772
44.200001,40.455978,0.012368286
44.939999,41.133293,0.016742025
45.689999,41.819759,0.016688817
45.119999,41.298038,-0.012475466
45.349998,41.508556,0.00509753
45.150002,41.908619,0.009638085
45.279999,42.029285,0.002879265
45.950001,42.651196,0.014797087
45.810001,42.52124,-0.003046949
45.209999,41.964314,-0.013097595
45.299999,42.047852,0.001990691
44.759998,41.546616,-0.011920609
44.619999,41.416668,-0.003127764
43.07,39.977947,-0.034737729
43.029999,39.940819,-0.000928712
42.310001,39.272511,-0.016732456
40.580002,37.666714,-0.040888575
39.98,37.109779,-0.014785866
39.810001,36.951988,-0.004252006
39.919998,37.054085,0.002762964
39.060001,36.255829,-0.021542996
39.57,36.729218,0.013056907
37.799999,35.086288,-0.044730873
38.66,35.884544,0.022751224
37.540001,34.844955,-0.028970383
37.720001,35.012032,0.004794869
38.950001,36.153732,0.03260879
38.150002,35.41116,-0.02053929
38.41,35.652493,0.006815168
37.82,35.104855,-0.015360441
38.169998,35.429726,0.009254304
39.279999,36.460033,0.029080298
38.630001,35.856705,-0.016547654
37.57,34.872799,-0.027439945
38.110001,35.374031,0.014373151
37.740002,35.030594,-0.009708732
37.369999,34.68716,-0.00980383
36.580002,33.953873,-0.021140013
36.049999,33.461922,-0.014488804
36.34,33.731106,0.008044487
35.700001,33.137051,-0.017611489
36.560001,33.935307,0.02408953
38.029999,35.299774,0.040207887
38.66,35.884544,0.016565828
38.299999,35.550392,-0.009311864
38.540001,35.773159,0.006266232
39.549999,36.710651,0.026206576
38.490002,35.726749,-0.026801541
38.549999,35.782444,0.001558916
38.389999,35.63393,-0.004150471
38.43,35.671059,0.001041956
38.349998,35.596794,-0.00208194
39.68,36.831318,0.034680764
40.34,37.443935,0.016633046
40.32,37.425373,-0.000495728
41.41,38.437122,0.027033772
41,38.056553,-0.009901079
40.080002,37.202606,-0.022438895
40.23,37.341839,0.00374256
39.91,37.044804,-0.007954482
41.310001,38.344303,0.035079117
41.330002,38.362865,0.000484088
41.040001,38.093678,-0.007016864
41.490002,38.511375,0.010964995
41.759998,38.761993,0.006507636
42.150002,39.123997,0.009339148
42.380001,39.337482,0.005456626
42.080002,39.059025,-0.007078669
41.439999,38.464966,-0.015209263
41.240002,38.279324,-0.004826262
41.549999,38.567066,0.007516904
42.060001,39.040462,0.012274618
42.57,39.513844,0.01212542
42.509998,39.458145,-0.001409607
42.360001,39.31892,-0.003528422
41.869999,38.864094,-0.011567612
41,38.056553,-0.020778588
41.900002,38.891941,0.021951226
41.189999,38.232914,-0.016945079
41.57,38.585632,0.009225507
42.029999,39.012604,0.01106557
42.619999,39.560249,0.014037643
44.099998,40.933998,0.034725489
44.029999,40.869022,-0.001587336
43.470001,40.349232,-0.012718435
43.790001,40.646259,0.007361404
44.240002,41.063946,0.010276149
43.799999,40.65554,-0.00994561
43.470001,40.349232,-0.007534225
43.279999,40.172871,-0.004370864
42.93,39.847996,-0.008086925
43.02,39.931538,0.002096517
43.189999,40.089329,0.003951538
42.799999,39.727337,-0.009029635
42.27,39.235378,-0.012383387
42.099998,39.077587,-0.004021651
41.119999,38.167938,-0.023278024
40.68,37.759533,-0.010700211
40.810001,37.880199,0.003195643
40.639999,37.722397,-0.004165818
39.990002,37.119064,-0.015994026
40.68,37.759533,0.017254449
40.200001,37.313988,-0.011799537
40.009998,37.13763,-0.004726324
39.389999,36.562138,-0.015496196
40.369999,37.471783,0.024879426
40.220001,37.332554,-0.003715569
39.869999,37.007683,-0.008702083
39.52,36.682812,-0.008778474
40,37.128345,0.012145552
39.950001,37.081932,-0.001250069
40.700001,37.778091,0.018773536
41.099998,38.149376,0.009828051
41.119999,38.167938,0.000486561
41.509998,38.529938,0.0094844
42.25,39.216812,0.017827021
41.779999,38.780552,-0.011124311
42.139999,39.114712,0.00861669
42.119999,39.096146,-0.000474655
42.689999,39.625221,0.013532664
42.990002,39.903698,0.007027772
42.889999,39.810871,-0.002326276
42.630001,39.569538,-0.006061987
41.57,38.585632,-0.024865239
40.810001,37.880199,-0.018282271
40.939999,38.000862,0.003185385
41.150002,38.195789,0.005129542
41.099998,38.149376,-0.001215134
40.779999,37.852348,-0.00778592
41.439999,38.464966,0.016184412
41.779999,38.780552,0.008204505
41.669998,38.96101,0.004653312
42.610001,39.839901,0.022558219
40.380001,37.754875,-0.05233512
40,37.399586,-0.009410414
40.990002,38.325218,0.024749793
41.77,39.054508,0.019028985
42.389999,39.634197,0.014843075
42.700001,39.924046,0.007313104
41.84,39.119957,-0.020140469
41.779999,39.063854,-0.001434127
41.700001,38.989056,-0.001914762
42.34,39.58746,0.015347999
42.93,40.139099,0.01393469
43.560001,40.728146,0.014675143
43.310001,40.494389,-0.005739446
43.93,41.074085,0.014315465
43.830002,40.980595,-0.002276131
44.23,41.354584,0.009126002
43.549999,40.718792,-0.01537416
44.099998,41.233032,0.012629058
44.02,41.158237,-0.001813958
44.290001,41.410683,0.006133547
43.959999,41.102135,-0.007450928
44.470001,41.578983,0.011601538
44.360001,41.476135,-0.002473557
44.220001,41.34523,-0.003156152
44.02,41.158237,-0.004522722
44.040001,41.176933,0.000454247
43.830002,40.980595,-0.004768155
43.91,41.055393,0.001825205
44.049999,41.186287,0.003188229
44.75,41.840778,0.015890993
45.02,42.093231,0.006033659
45.299999,42.355022,0.006219314
45.23,42.289574,-0.001545224
46.18,43.177818,0.021003853
46.560001,43.533104,0.008228438
47.380001,44.299801,0.017611816
47.25,44.178249,-0.00274385
47.169998,44.103451,-0.001693096
47.459999,44.374603,0.00614809
47.369999,44.290447,-0.00189649
46.939999,43.888405,-0.009077398
46.849998,43.804253,-0.001917408
46.639999,43.60791,-0.004482282
46.630001,43.598564,-0.000214319
46.580002,43.551811,-0.001072352
46.84,43.79491,0.005581834
47.23,44.15955,0.008326082
46.759998,43.720108,-0.009951234
47.099998,44.038002,0.007271117
47.919998,44.804691,0.017409714
49.130001,45.936039,0.02525066
48.91,45.730335,-0.004478053
49.259998,46.057579,0.00715595
48.029999,44.907543,-0.024969528
48.360001,45.216091,0.006870739
47.43,44.34655,-0.019230787
47.549999,44.458748,0.002530028
48.32,45.178688,0.016193438
48.209999,45.075848,-0.002276295
48.07,44.944942,-0.002904127
48.09,44.963642,0.000416065
49.400002,46.18848,0.027240631
49.889999,46.646626,0.009919053
49.080002,45.889282,-0.016235772
48.09,44.963642,-0.020171159
48.720001,45.552692,0.013100585
49.049999,45.86124,0.006773431
48.41,45.26284,-0.013048055
48.5,45.346992,0.001859185
48.610001,45.449837,0.002267956
48.439999,45.29089,-0.003497196
49.459999,46.244579,0.021056972
49.439999,46.225872,-0.000404523
48.98,45.795784,-0.009304054
49.759998,46.525078,0.015924916
48.360001,45.216091,-0.028135084
48.380001,45.234791,0.00041357
47.630001,44.53355,-0.015502249
47.84,44.729893,0.004408878
47.57,44.477444,-0.005643854
48.259998,45.122585,0.014504903
48.41,45.26284,0.00310831
48.25,45.113243,-0.003305073
48.369999,45.225445,0.002487119
48.59,45.431137,0.004548148
48.400002,45.25349,-0.003910248
47.939999,44.823391,-0.009504217
47.52,44.430702,-0.008760805
47.099998,44.038002,-0.008838483
47.07,44.009953,-0.000636927
47.07,44.009953,0
46.299999,43.290012,-0.016358595
46.240002,43.233917,-0.001295795
45.849998,42.869263,-0.008434443
47.299999,44.22501,0.031625153
47.580002,44.486797,0.005919433
46.41,43.392864,-0.02459006
45.75,42.775768,-0.01422114
45.279999,42.336319,-0.010273316
44.610001,41.709885,-0.01479661
45.5,42.542015,0.019950427
45.040001,42.111927,-0.010109723
45.369999,42.420479,0.00732695
45.330002,42.383068,-0.000881909
45.639999,42.67292,0.006838863
46.110001,43.112362,0.010297913
45.860001,42.878613,-0.005421856
46.23,43.22456,0.008068055
46.389999,43.374157,0.003460926
46.669998,43.635956,0.006035829
46.619999,43.589207,-0.001071341
46.220001,43.215214,-0.008579945
45.889999,42.90667,-0.007139708
45.950001,42.962769,0.001307466
45.919998,42.934715,-0.000652984
46.52,43.495705,0.013066117
46.509998,43.486355,-0.000214964
46.209999,43.20586,-0.006450184
45.27,42.326969,-0.02034194
45.799999,42.822517,0.011707618
44.919998,41.999722,-0.019214074
44.41,41.522877,-0.011353528
44.009998,41.148888,-0.009006818
43.889999,41.03669,-0.002726635
43.91,41.055393,0.000455763
43.360001,40.933605,-0.002966431
42.889999,40.489902,-0.010839578
42.799999,40.404949,-0.002098128
42.970001,40.565434,0.003971914
43.290001,40.867516,0.007446783
43.84,41.386745,0.012705176
43.73,41.282898,-0.002509185
44.189999,41.717159,0.01051915
44.77,42.264706,0.013125223
45.610001,43.057697,0.018762487
45.34,42.802807,-0.005919731
45.509998,42.963295,0.003749474
46.200001,43.614685,0.015161547
46.369999,43.775166,0.003679518
46.169998,43.586357,-0.004313153
46.310001,43.718525,0.003032325
46.220001,43.633556,-0.001943547
46.41,43.812931,0.004110942
46.189999,43.605244,-0.004740313
46.130001,43.548603,-0.001298949
46.5,43.897888,0.008020579
46.970001,44.341591,0.010107616
47.279999,44.634247,0.006600034
47.279999,44.634247,0
47.139999,44.502075,-0.002961224
46.950001,44.322708,-0.004030531
47.009998,44.379353,0.001278013
47.02,44.388794,0.000212734
47.099998,44.464314,0.00170133
47.110001,44.473763,0.000212507
47.290001,44.643688,0.003820792
47.27,44.624805,-0.000422971
47.959999,45.276188,0.014596882
48.369999,45.66325,0.008548909
48.529999,45.814293,0.003307758
48.77,46.040867,0.004945487
48.66,45.937027,-0.002255388
49.23,46.475121,0.011713731
49.240002,46.48457,0.000203313
49.009998,46.267433,-0.004671163
49.41,46.64505,0.008161616
49.830002,47.041546,0.00850028
49.68,46.89994,-0.003010233
49.080002,46.333519,-0.012077222
48.950001,46.210789,-0.002648838
48.709999,45.984226,-0.004902816
49.27,46.51289,0.011496638
48.43,45.719894,-0.017048951
48.650002,45.927582,0.004542618
48.599998,45.880375,-0.001027857
48.759998,46.031425,0.003292257
48.810001,46.078625,0.001025386
48.34,45.634926,-0.009629172
48.599998,45.880375,0.005378534
49.389999,46.626167,0.016255142
49.110001,46.361843,-0.005669006
49.84,47.050991,0.014864551
50.419998,47.59853,0.011637141
50.299999,47.485245,-0.00238001
51,48.146076,0.013916555
50.25,47.438049,-0.014705809
50.43,47.607979,0.003582146
50.540001,47.711815,0.002181063
50.580002,47.74958,0.000791523
50.389999,47.57021,-0.003756473
50.57,47.740135,0.003572088
50.560001,47.730701,-0.000197612
50.279999,47.466362,-0.005538134
49.93,47.135948,-0.006961014
50.349998,47.532448,0.008411839
50.369999,47.551331,0.000397265
50.400002,47.579655,0.000595651
50.389999,47.57021,-0.000198509
50.389999,47.57021,0
50.299999,47.485245,-0.001786097
50,47.202038,-0.005964105
50.189999,47.381397,0.003799815
49.970001,47.173721,-0.00438307
50.349998,47.532448,0.007604382
49.66,46.881062,-0.013704028
49.599998,46.824413,-0.001208356
50.380001,47.560772,0.015725963
50.34,47.523006,-0.000794058
50.720001,47.881744,0.007548723
51.310001,48.438732,0.011632575
51.220001,48.35376,-0.001754216
51.130001,48.26881,-0.001756844
51.16,48.297127,0.000586652
51.360001,48.485931,0.003909218
51.34,48.467052,-0.000389371
51.130001,48.26881,-0.004090243
50.450001,47.626854,-0.013299603
50.619999,47.787338,0.003369612
50.689999,47.85342,0.001382835
51.610001,48.721947,0.018149737
52.080002,49.165642,0.009106676
51.98,49.071232,-0.001920243
52.41,49.477169,0.008272403
52.919998,49.958633,0.009731034
53.169998,50.194641,0.004724068
52.369999,49.439407,-0.015046108
52.48,49.543259,0.002100592
53.240002,50.260731,0.014481728
53.849998,50.83659,0.011457434
53.509998,50.515617,-0.006313818
53.540001,50.543941,0.000560698
54.169998,51.13868,0.011766771
54.189999,51.157562,0.000369231
54.220001,51.18589,0.00055374
53.77,50.761074,-0.008299475
54.43,51.384132,0.012274327
54.470001,51.421898,0.000734974
54.380001,51.336929,-0.001652389
54.630001,51.572948,0.004597451
54.799999,51.733429,0.003111728
55.799999,52.677471,0.018248201
55.049999,51.969437,-0.013440926
54.59,51.535175,-0.008356104
54.630001,51.572948,0.000732956
54.389999,51.346375,-0.004393253
53.830002,50.817711,-0.010296034
53.900002,50.883793,0.001300373
54.939999,51.865593,0.019294945
54.310001,51.450661,-0.00800014
54.650002,51.772755,0.00626025
54.93,52.038017,0.005123583
55.029999,52.132744,0.001820342
55.470001,52.549587,0.0079958
54.919998,52.028538,-0.009915378
55.330002,52.416958,0.007465518
54.580002,51.706448,-0.013554964
54.689999,51.81065,0.002015261
55.029999,52.132744,0.006216753
54.950001,52.056961,-0.001453655
54.240002,51.384346,-0.01292075
54.310001,51.450661,0.001290568
54.650002,51.772755,0.00626025
55.650002,52.720112,0.018298369
56.82,53.82851,0.021024197
56.939999,53.942192,0.002111929
57.740002,54.700077,0.014049948
57.400002,54.377979,-0.005888438
57.700001,54.662182,0.005226436
58.439999,55.363216,0.012824845
58.200001,55.13586,-0.004106626
58.139999,55.079014,-0.001031017
58.48,55.401108,0.005847853
58.439999,55.363216,-0.000683957
59.040001,55.931629,0.010266979
58.740002,55.647427,-0.005081239
59.259998,56.140045,0.008852485
59.41,56.282154,0.00253133
59.810001,56.661091,0.006732809
59.34,56.215832,-0.007858285
59.369999,56.244259,0.000505676
59.599998,56.462147,0.00387396
60.349998,57.172657,0.012583829
60.810001,57.60844,0.007622228
60.669998,57.475811,-0.002302249
58.700001,55.609531,-0.032470703
58.599998,55.514797,-0.001703557
59.389999,56.263199,0.013481126
59.310001,56.187416,-0.001346937
60.41,57.229504,0.018546644
59.389999,56.263199,-0.016884735
59.669998,56.528465,0.004714734
60.34,57.163189,0.011228396
61.200001,57.977909,0.014252529
61.580002,58.337902,0.006209141
61.560001,58.318954,-0.000324797
61.759998,58.508427,0.003248909
61.27,58.04422,-0.007934019
61.279999,58.053692,0.000163186
61.759998,58.508427,0.007833007
62,58.735786,0.003885919
62.119999,58.849472,0.001935549
61.32,58.091591,-0.012878297
61.599998,58.356846,0.004566151
62.02,58.754738,0.006818257
61.540001,58.300003,-0.007739546
62.84,59.531567,0.021124596
63,59.683144,0.002546162
63.150002,59.825245,0.002380923
63.099998,59.777874,-0.000791823
63.650002,60.298923,0.008716419
64.260002,60.876808,0.00958367
64.379997,60.990486,0.001867345
64.269997,60.886276,-0.001708627
64.279999,60.895744,0.000155503
63.830002,60.469444,-0.007000489
61.880001,58.622112,-0.030549843
62.02,58.754738,0.002262389
62.5,59.209461,0.007739342
62.200001,58.925262,-0.004799892
63.09,59.768402,0.014308634
63.419998,60.081032,0.00523069
64.940002,61.521008,0.023967231
64.860001,61.445221,-0.001231888
65.739998,62.278889,0.013567662
65.309998,61.871517,-0.006541093
65.360001,61.918888,0.000765635
66.010002,62.534672,0.009945011
65.75,62.288357,-0.003938855
65.379997,61.937836,-0.005627392
65.839996,62.373611,0.007035683
66.150002,62.667297,0.004708498
65.580002,62.127308,-0.008616759
66.190002,62.705193,0.009301626
65.029999,61.606262,-0.017525359
65.519997,62.070469,0.007535062
64.889999,61.473633,-0.009615458
64.839996,61.426266,-0.000770525
64.529999,61.132587,-0.004781
64.32,60.933643,-0.003254304
65.169998,61.738895,0.013215228
64.669998,61.265221,-0.007672214
65.300003,61.862057,0.00974184
65.75,62.288357,0.006891138
65.849998,62.383095,0.001520958
65.830002,62.36414,-0.000303848
66.809998,63.292549,0.014886905
67.050003,63.51992,0.003592382
67.199997,63.662014,0.002236999
67.07,63.538864,-0.001934435
67.389999,63.842018,0.004771159
67.370003,63.823059,-0.000296967
66.559998,63.055702,-0.012023194
66.089996,62.610462,-0.007061058
67.540001,63.984119,0.021939736
67.57,64.01255,0.000444345
68.389999,64.789368,0.012135402
69.959999,66.276711,0.022956591
69.839996,66.163017,-0.001715444
69.449997,65.793556,-0.005584101
68.139999,64.552528,-0.018862455
68.669998,65.054619,0.007778022
66.959999,63.434658,-0.024901552
66.239998,62.75256,-0.010752765
65.309998,61.871517,-0.014039953
65.040001,61.615738,-0.004134035
64.75,61.341003,-0.004458845
63.900002,60.535759,-0.013127337
64.290001,60.905228,0.006103318
65.510002,62.061001,0.018976581
66.290001,62.799923,0.011906382
65.370003,61.928368,-0.013878281
66.589996,63.084129,0.018662869
65.730003,62.269413,-0.012914754
65.610001,62.155724,-0.00182576
66.25,62.762028,0.009754596
65.120003,62.48951,-0.004342084
65.089996,62.46072,-0.000460717
66.290001,63.612255,0.018436147
66.779999,64.082451,0.007391595
66.440002,63.756187,-0.005091316
66.169998,63.497093,-0.004063825
66.400002,63.7178,0.00347586
66.540001,63.852142,0.00210839
69.129997,66.337532,0.038924144
69.68,66.865311,0.007955964
70.110001,67.277939,0.006171032
70.610001,67.757736,0.007131565
70.959999,68.093605,0.00495691
71,68.131981,0.000563577
70.720001,67.863304,-0.003943478
70.900002,68.036034,0.002545264
71.989998,69.081993,0.015373603
71.349998,68.46785,-0.008890059
72.419998,69.494621,0.014996396
72.550003,69.619377,0.001795189
73.400002,70.435028,0.011715862
73.910004,70.924438,0.006948389
75,71.970413,0.014747738
75.199997,72.162323,0.002666512
74.690002,71.67292,-0.006781974
76.720001,73.620934,0.027179219
75.239998,72.200714,-0.01929098
73.839996,70.857254,-0.018607295
74.809998,71.788086,0.013136721
73.110001,70.156754,-0.022724272
71.709999,68.813309,-0.01914919
69.580002,66.769356,-0.029702873
71.019997,68.151184,0.020695542
68.290001,65.531456,-0.038439948
65.389999,62.7486,-0.042465957
65.830002,63.17083,0.006728915
66.989998,64.283966,0.017621044
67.690002,64.955688,0.010449293
69.82,66.999649,0.031467006
71.57,68.678955,0.0250644
71.239998,68.362289,-0.004610816
70.629997,67.776932,-0.008562572
71.279999,68.400673,0.009202851
71.160004,68.28553,-0.001683361
72.339996,69.417862,0.016582313
73,70.051193,0.009123459
70.209999,67.373894,-0.038219178
69.199997,66.404694,-0.014385394
68.980003,66.193581,-0.003179188
68.980003,66.193581,0
69.07,66.279945,0.001304719
69.769997,66.951668,0.010134634
69.980003,67.153191,0.003009977
70.260002,67.421883,0.00400118
72.099998,69.187553,0.026188382
72.389999,69.465836,0.004022154
71.18,68.30471,-0.016715066
71.730003,68.832497,0.007726949
72.540001,69.609779,0.01129237
72.639999,69.705742,0.001378585
71.57,68.678955,-0.014730307
72.860001,69.916847,0.018024328
72.18,69.26432,-0.009332901
68.529999,65.761757,-0.05056807
67.089996,64.379929,-0.021012638
69.790001,66.970871,0.040244561
68.32,65.560249,-0.021063217
67.360001,64.639015,-0.014051716
68.57,65.800156,0.01796347
66.910004,64.207199,-0.024209016
67.540001,64.811752,0.009415658
67.650002,64.917305,0.001628609
67.830002,65.090042,0.002660878
66.199997,63.525879,-0.024030757
67.07,64.360725,0.013141825
69.080002,66.289536,0.029968758
69.010002,66.222374,-0.001013161
69.099998,66.308739,0.001304166
67.830002,65.090042,-0.018379131
67.480003,64.754181,-0.005159944
67.769997,65.032463,0.004297514
67.760002,65.022873,-0.000147465
67.75,65.013268,-0.000147717
66.849998,64.149628,-0.013284058
66.449997,63.76577,-0.005983792
66.470001,63.784988,0.000301384
66.029999,63.362747,-0.006619755
66.639999,63.948097,0.009238078
66.959999,64.25518,0.004802066
66.849998,64.149628,-0.0016427
66.989998,64.283966,0.002094135
66.82,64.120834,-0.002537678
66.5,63.813766,-0.004788896
67.199997,64.485481,0.010526177
67.349998,64.629425,0.002232192
68.269997,65.512253,0.013659846
68.610001,65.838531,0.004980412
69.809998,66.990051,0.017490062
69.739998,66.922882,-0.001002671
70.339996,67.498634,0.008603216
69.040001,66.25116,-0.01848147
70.5,67.652184,0.021147162
69.489998,66.682983,-0.014326234
69.160004,66.366318,-0.004748813
69.690002,66.874908,0.007663375
69.360001,66.558235,-0.004735304
69.300003,66.500656,-0.000865092
69.019997,66.231956,-0.004040562
69.18,66.385498,0.002318246
67.970001,65.22438,-0.017490537
68.269997,65.512253,0.00441358
68.830002,66.049644,0.008202908
69.870003,67.047646,0.015109877
71.059998,68.189552,0.017031262
71.239998,68.362289,0.002533189
72.139999,69.225937,0.012633398
71.309998,68.429451,-0.011505601
71.089996,68.218346,-0.003085002
71.120003,68.247139,0.000422071
71.43,68.544624,0.004358937
70.480003,67.632996,-0.013299774
70.459999,67.613792,-0.000283944
70.160004,67.325928,-0.004257475
69.470001,66.66378,-0.009834963
67.879997,65.434708,-0.018436878
67.849998,65.405792,-0.000441906
66.540001,64.142998,-0.019307067
67.07,64.653893,0.007964938
65.290001,62.938023,-0.026539315
65.089996,62.745224,-0.003063315
63.040001,60.769073,-0.031494843
63.650002,61.357098,0.009676386
64.599998,62.272873,0.014925331
63.68,61.386017,-0.01424145
63.540001,61.251064,-0.002198432
63.07,60.797997,-0.007396884
64.040001,61.733044,0.015379569
65.400002,63.044052,0.02123673
64.709999,62.37891,-0.010550432
63.439999,61.154659,-0.01962604
64.699997,62.369274,0.019861365
64.599998,62.272873,-0.001545649
64.150002,61.839092,-0.00696581
64.230003,61.916206,0.001247011
64.080002,61.771614,-0.002335285
62.849998,60.585915,-0.019194885
63.66,61.366734,0.012887797
63.349998,61.067905,-0.00486956
64.620003,62.292156,0.020047372
65.940002,63.56461,0.020427195
64.730003,62.398201,-0.018349975
64.269997,61.954762,-0.007106599
63.619999,61.328175,-0.010113621
63.82,61.520973,0.00314371
62.68,60.422035,-0.017862819
61.860001,59.63158,-0.013082231
61.73,59.506264,-0.002101504
61.220001,59.014637,-0.008261769
62.290001,60.046089,0.017477901
62.049999,59.814735,-0.00385294
62.68,60.422035,0.010153017
62.16,59.920773,-0.008296013
61.25,59.043556,-0.014639614
60.400002,58.224174,-0.013877586
58.18,56.084152,-0.036754871
58.790001,56.672173,0.01048462
59.59,57.443356,0.013607789
60.110001,57.944622,0.008726266
61.080002,58.879681,0.016137115
61.43,59.217075,0.005730228
60.299999,58.127773,-0.018395066
61.209999,59.004993,0.015091237
62.439999,60.190685,0.020094774
62.07,59.834015,-0.005925668
62.619999,60.364204,0.008860997
60.610001,58.426609,-0.032098411
60.740002,58.551929,0.002144913
59.990002,57.828949,-0.012347672
58.400002,56.296223,-0.026504476
58.189999,56.093788,-0.00359589
57.869999,55.785309,-0.005499343
56.880001,54.830978,-0.01710721
56.799999,54.753857,-0.001406522
57.240002,55.178005,0.00774645
58.709999,56.595055,0.025681429
58.169998,56.074505,-0.0091978
57.400002,55.332245,-0.013237032
58.049999,55.958824,0.01132394
59.41,57.269836,0.023428155
60.060001,57.896423,0.01094096
60.610001,58.426609,0.009157491
59.68,57.530109,-0.015344036
59.91,57.751823,0.003853878
60.23,58.060299,0.005341407
60.259998,58.089214,0.000498017
59.889999,57.732544,-0.006140038
59.900002,57.742191,0.000167098
58.5,56.39262,-0.023372355
58.240002,56.141987,-0.004444429
56.709999,54.667099,-0.026270677
56.630001,54.589985,-0.001410611
55.93,53.915203,-0.012360912
55.349998,53.356091,-0.01037021
53.459999,51.534184,-0.034146186
53.25,51.331741,-0.003928325
55.07,53.086178,0.034178404
54.02,52.074005,-0.019066601
55.130001,53.144016,0.020547891
54.459999,52.498154,-0.012153052
52.779999,50.878674,-0.030848323
53.549999,51.620941,0.014588961
55.259998,53.269337,0.0319327
54.240002,52.286079,-0.018458236
52.220001,50.338848,-0.037241863
53.43,51.50526,0.02317121
52.509998,50.618397,-0.017218882
51.049999,49.210995,-0.02780416
51.860001,49.991817,0.01586682
53.25,51.331741,0.026802867
55.98,53.963398,0.051267636
56.09,54.069435,0.00196498
55.93,53.915203,-0.00285248
55.860001,53.847721,-0.001251632
57.240002,55.178005,0.024704555
55.5,53.50069,-0.030398254
53.939999,51.996887,-0.028108105
53.25,51.331741,-0.012792035
54.560001,52.594551,0.024600958
55.080002,53.095821,0.009530835
56.400002,54.368271,0.023965163
56.450001,54.41647,0.000886528
55.25,53.259693,-0.021257847
54.110001,52.160763,-0.020633427
55.400002,53.404293,0.023840334
54.77,52.796986,-0.011371876
56.060001,54.04052,0.023553125
56.169998,54.146553,0.001962102
57.689999,55.611794,0.027060651
56.580002,54.541786,-0.019240667
57.48,55.409363,0.015906648
58.540001,56.431183,0.018441288
57.419998,55.351524,-0.019132312
56.360001,54.329712,-0.018460413
55.360001,53.365734,-0.017743109
55,53.018703,-0.006502881
55.450001,53.452496,0.008181886
56.110001,54.088715,0.011902512
56.360001,54.329712,0.004455587
55.57,53.568169,-0.014017063
54.470001,52.507793,-0.01979489
53.580002,52.152519,-0.006766119
52.490002,51.09156,-0.020343389
52.419998,51.023418,-0.001333723
52.060001,50.673016,-0.006867474
51.630001,50.254467,-0.0082598
52.950001,51.539307,0.025566682
52.650002,51.247295,-0.005665812
52.779999,51.373829,0.002469086
52.619999,51.218094,-0.003031407
52.330002,50.935822,-0.005511177
51,49.641254,-0.025415669
53.07,51.656101,0.040588157
53.580002,52.152519,0.009610056
53.990002,52.551594,0.007652075
55.200001,53.729359,0.022411594
55.650002,54.167374,0.008152247
55.279999,53.807224,-0.006648836
54.619999,53.164806,-0.011939252
55.27,53.797493,0.011900485
56.09,54.595646,0.014836249
56.450001,54.946056,0.006418277
57.150002,55.627403,0.012400289
55.669998,54.186832,-0.025896787
56.080002,54.585915,0.007364944
56.82,55.306198,0.0131954
57.84,56.299023,0.017951424
57.389999,55.861008,-0.007780153
57.369999,55.841541,-0.00034849
58.57,57.009575,0.020916937
59.310001,57.729858,0.012634421
58.950001,57.379452,-0.006069753
59.119999,57.544922,0.002883785
60.200001,58.596149,0.018267937
59.580002,57.992664,-0.010299056
58.709999,57.145844,-0.014602192
58.77,57.204243,0.001021929
58.950001,57.379452,0.003062867
59.169998,57.59359,0.003731963
59.5,57.914799,0.005577166
59.209999,57.632523,-0.004873987
58.799999,57.233444,-0.006924545
59.540001,57.953735,0.012585142
59.91,58.313873,0.006214233
59.779999,58.187336,-0.00216993
60.93,59.306698,0.01923721
62.049999,60.396858,0.018381735
61.84,60.192455,-0.003384332
61.110001,59.481903,-0.011804669
60.709999,59.09256,-0.006545571
61.209999,59.579235,0.008235808
61.860001,60.211922,0.010619254
62.860001,61.18528,0.016165536
62.389999,60.727802,-0.007476929
60.68,59.063358,-0.02740827
59.610001,58.021862,-0.017633539
61.139999,59.511101,0.02566686
61.66,60.017246,0.008505052
61.419998,59.783642,-0.003892281
61.040001,59.413769,-0.00618686
61.830002,60.18272,0.012942303
62.669998,61.00034,0.013585627
62.869999,61.195007,0.003191245
62.689999,61.019806,-0.002862995
62.779999,61.107407,0.001435616
60.849998,59.228825,-0.030742296
60.950001,59.326168,0.001643507
60.939999,59.316425,-0.000164228
60.889999,59.267765,-0.000820346
61.259998,59.627907,0.006076524
62.43,60.766739,0.019098977
63.349998,61.66222,0.014736368
63.119999,61.438351,-0.00363057
63.540001,61.847168,0.006654101
64.190002,62.479847,0.010229717
64.919998,63.190395,0.011372435
64.849998,63.122261,-0.001078233
64.82,63.093063,-0.000462563
64.959999,63.229328,0.002159746
64.099998,62.392242,-0.013238888
65.029999,63.297466,0.014508599
64,62.294907,-0.015838849
64.720001,62.995724,0.011249989
64.870003,63.141731,0.002317729
64.889999,63.161194,0.000308243
64.379997,62.66478,-0.007859478
64.410004,62.693985,0.000466051
63.57,61.876362,-0.01304149
63.259998,61.574619,-0.004876547
63.560001,61.866631,0.004742409
63.720001,62.022369,0.002517318
63.52,61.827698,-0.003138722
63.41,61.720623,-0.001731829
63.48,61.788761,0.001103975
64.580002,62.859459,0.017328362
62.720001,61.049007,-0.028801584
60.810001,59.189896,-0.030452764
60.75,59.131493,-0.000986706
59.740002,58.148403,-0.016625489
60.130001,58.528008,0.00652821
57.84,56.299023,-0.038084074
58.810001,57.243183,0.016770451
59.349998,57.768795,0.009182089
59.59,58.002399,0.004043775
57.68,56.143284,-0.032052381
56.009998,54.517776,-0.028952849
56.860001,55.345131,0.015175876
56.25,54.751381,-0.010728134
55.200001,53.729359,-0.018666598
54.880001,53.417881,-0.005797166
55.310001,53.836426,0.007835298
55.48,54.001896,0.00307357
55.450001,53.972698,-0.000540685
55.330002,53.855892,-0.002164168
55.68,54.196571,0.006325752
55.66,54.177101,-0.000359248
55.18,53.709892,-0.008623736
55.209999,53.73909,0.000543624
55.82,54.33284,0.011048754
56.810001,55.296463,0.017735554
57.610001,56.07515,0.01408204
56.540001,55.033657,-0.018573165
56.650002,55.140732,0.001945628
55.990002,54.498314,-0.011650516
55.98,54.83725,0.006219202
57.799999,56.620094,0.03251155
58.369999,57.178455,0.009861534
59.330002,58.118858,0.016446807
59,57.795601,-0.005561998
58.990002,57.785805,-0.000169494
58.049999,56.86499,-0.015934969
58.900002,57.697639,0.01464256
59.48,58.2658,0.009847214
59.450001,58.236416,-0.00050431
60.639999,59.402119,0.020016737
60.610001,59.37273,-0.000494747
60.389999,59.157223,-0.00362973
59.650002,58.432331,-0.012253652
58.91,57.707436,-0.012405718
58.759998,57.560493,-0.002546344
58.919998,57.717228,0.002722961
58.639999,57.442944,-0.004752203
58.91,57.707436,0.00460443
59.459999,58.246208,0.009336266
59.400002,58.187431,-0.001009113
59.25,58.040493,-0.002525253
59.330002,58.118858,0.001350178
59.330002,58.118858,0
59.09,57.883759,-0.004045141
59.75,58.530289,0.011169454
60.139999,58.912327,0.006527185
59.799999,58.579262,-0.005653571
59.919998,58.696815,0.002006734
59.560001,58.344166,-0.006007975
59.110001,57.903351,-0.007555426
58.470001,57.276417,-0.010827249
56.66,55.503365,-0.030956056
56,54.856838,-0.011648429
53.48,52.388279,-0.045000024
54.169998,53.06419,0.012901951
54.650002,53.534397,0.008861098
55.380001,54.249493,0.013357692
54.610001,53.495213,-0.013903909
54.040001,52.936852,-0.010437588
55.150002,54.024193,0.020540341
53.57,52.476444,-0.028649183
54.330002,53.220932,0.014187089
55.369999,54.239697,0.019142186
56.41,55.258469,0.018782775
56.32,55.170303,-0.00159552
56.709999,55.552345,0.006924776
56.099998,54.954796,-0.010756504
54.759998,53.642151,-0.023885904
55.349998,54.220104,0.010774232
55.5,54.367046,0.002710102
55.610001,54.4748,0.001981973
56.240002,55.091942,0.011328945
56.419998,55.268265,0.003200523
56.23,55.082146,-0.003367556
57.220001,56.051933,0.017606195
58.25,57.060905,0.018000664
58.279999,57.090294,0.000515046
58.580002,57.384174,0.005147635
58.349998,57.158867,-0.003926292
58.939999,57.73682,0.010111345
59.380001,58.167843,0.007465306
59.82,58.598858,0.00740985
59.189999,57.98172,-0.01053157
59.049999,57.844578,-0.002365263
58.759998,57.560493,-0.004911178
58.529999,57.335194,-0.003914126
58.200001,57.011929,-0.00563816
57.830002,56.649483,-0.006357371
56.849998,55.689484,-0.016946298
57.18,56.012753,0.005804848
56.779999,55.620911,-0.006995585
55.540001,54.406231,-0.021838549
56.080002,54.935207,0.00972271
55.779999,54.641327,-0.005349575
55.77,54.631535,-0.000179205
56.75,55.591526,0.017572104
56.689999,55.532753,-0.001057229
56.279999,55.131119,-0.007232381
55.369999,54.239697,-0.016169126
56.130001,54.984184,0.013725869
56.900002,55.738468,0.013718199
58.009998,56.825806,0.019507856
57.799999,56.620094,-0.003620045
58.490002,57.296009,0.011937723
58.59,57.393967,0.001709683
58.68,57.482128,0.001536067
57.73,56.551521,-0.016189502
58.380001,57.188255,0.011259361
58,56.816013,-0.006509064
57.77,56.590706,-0.003965555
57.950001,56.767029,0.003115759
58.59,57.393967,0.011044052
59.32,58.109062,0.012459411
58.68,57.482128,-0.01078892
58.689999,57.491924,0.000170418
58.470001,57.276417,-0.003748474
59.369999,58.158043,0.015392478
60.360001,59.127834,0.016675097
60.700001,59.460896,0.005632914
60.709999,59.470692,0.000164747
61.439999,60.185783,0.012024259
61.130001,59.882118,-0.005045461
60.389999,59.157223,-0.012105367
60,58.775185,-0.006458011
59.139999,57.932735,-0.01433343
59.049999,57.844578,-0.001521713
59.169998,57.962124,0.002032101
59.299999,58.089474,0.002197124
59.91,58.687023,0.0102867
59.299999,58.089474,-0.010181961
59.34,58.128654,0.000674477
59.43,58.21682,0.001516739
60.470001,59.235592,0.017499616
60.599998,59.362934,0.002149755
60.82,59.578442,0.003630346
59.66,58.442123,-0.019072654
59.490002,58.275597,-0.002849417
59.18,57.971924,-0.005210981
59.439999,58.226612,0.004393299
60.009998,58.784977,0.009589516
60.5,59.264977,0.008165351
59.98,58.755592,-0.008595043
60.330002,59.09845,0.005835325
61.330002,60.078037,0.016575511
62.34,61.067417,0.016468248
62.110001,60.84211,-0.00368948
62.43,61.726028,0.014528063
63.130001,62.418137,0.011212596
63.41,62.694981,0.004435313
63.25,62.536781,-0.002523328
63.540001,62.823513,0.004585014
63.580002,62.86306,0.000629494
63.619999,62.902611,0.000629161
64.190002,63.466183,0.008959437
64.269997,63.545277,0.001246238
64,63.278324,-0.004200989
64.089996,63.367306,0.0014062
66.230003,65.483185,0.033390705
64.989998,64.257156,-0.018722806
64.879997,64.148399,-0.001692527
65.160004,64.425247,0.004315743
65.349998,64.613098,0.002915798
66.059998,65.315094,0.010864608
66.489998,65.74025,0.006509307
67.779999,67.015701,0.019401371
67.010002,66.254379,-0.011360353
66.739998,65.987427,-0.004029198
67.150002,66.392807,0.006143292
67.440002,66.679543,0.004318781
65,64.267044,-0.036180497
65.349998,64.613098,0.005384626
64.5,63.77269,-0.013006775
63.400002,62.685089,-0.017054338
61,60.312153,-0.037854872
61.610001,60.915276,0.010000024
62.209999,61.508511,0.00973869
61.259998,60.569218,-0.015270944
60.110001,59.43219,-0.018772374
60.970001,60.282494,0.014307129
63.310001,62.596104,0.038379467
63.299999,62.586216,-0.000157965
63.610001,62.892723,0.004897356
62.950001,62.240166,-0.010375715
63.639999,62.922382,0.010961025
64.529999,63.802349,0.01398496
65.779999,65.038254,0.019370839
64.879997,64.148399,-0.013682025
64.82,64.089073,-0.000924824
64.82,64.089073,0
65.300003,64.563667,0.007405225
64.559998,63.832008,-0.011332364
64.309998,63.584824,-0.003872415
62.16,61.459072,-0.033431751
61.799999,61.10313,-0.005791529
62.549999,61.844673,0.012135925
61.810001,61.113022,-0.011830461
62.130001,61.429413,0.005177145
62.959999,62.250053,0.013359073
62.610001,61.903999,-0.005559096
63.619999,62.902611,0.016131623
63.48,62.764187,-0.002200608
62.110001,61.409634,-0.021581623
59.669998,58.99715,-0.039285106
61.959999,61.26133,0.038377786
59.84,59.165234,-0.034215646
55.34,54.715977,-0.075200531
58.259998,57.60305,0.052764716
52.57,51.977211,-0.097665644
55.18,54.557781,0.049648104
52.360001,51.769577,-0.051105524
52.740002,52.145298,0.007257564
52.599998,52.00687,-0.002654659
52.779999,52.184841,0.003422067
55.91,55.279549,0.059302816
57.009998,56.367142,0.019674419
58.799999,58.136959,0.031398026
55.860001,55.23011,-0.050000018
57.119999,56.475903,0.02255641
57.25,56.604439,0.002275944
55.209999,54.58744,-0.03563323
56.869999,56.228722,0.030067026
56.200001,55.56628,-0.011781203
58.41,57.751358,0.039323813
58.419998,57.761242,0.000171147
58.470001,57.810684,0.000855972
58.389999,57.731583,-0.001368276
58.490002,57.83046,0.001712702
59.740002,59.066364,0.02137116
59.040001,58.374256,-0.011717464
59.700001,59.026814,0.011178866
60.169998,59.491508,0.007872592
60.080002,59.402527,-0.001495692
58.66,57.998539,-0.023635156
59.950001,59.273994,0.021991157
59.509998,58.838951,-0.007339526
59.66,58.987263,0.002520643
60.509998,59.827675,0.014247347
60.32,59.63982,-0.003139935
61.34,60.648319,0.016909826
59.98,59.303654,-0.022171513
57.689999,57.039474,-0.038179435
57.900002,57.247112,0.003640251
58.709999,58.047974,0.013989562
59.139999,58.473125,0.007324132
59.630001,58.9576,0.00828543
61.049999,60.361588,0.02381352
61.23,60.539558,0.002948398
60.759998,60.07486,-0.00767594
61,60.312153,0.003949955
60.830002,60.144073,-0.002786835
60.310001,59.629936,-0.008548423
62.700001,61.992985,0.039628568
62.48,61.775463,-0.003508816
62.889999,62.18084,0.006562104
61.349998,60.658203,-0.024487238
59.080002,58.413803,-0.037000766
60.169998,59.491508,0.018449492
59.68,59.007038,-0.008143515
59.240002,58.571999,-0.007372663
61,60.312153,0.029709657
62.07,61.370087,0.017540976
63.43,62.714752,0.021910756
64.330002,63.604607,0.014188926
63.610001,62.892723,-0.011192334
64.699997,63.970428,0.017135607
64.519997,63.792458,-0.002782067
64.440002,63.713367,-0.001239817
65.279999,64.543892,0.013035334
62.810001,62.101746,-0.037836981
63.77,63.050915,0.015284095
63.450001,62.968548,-0.001306357
64.25,63.762478,0.012608358
64.790001,64.298378,0.008404629
65.160004,64.665573,0.005710797
65.080002,64.586182,-0.001227717
65.970001,65.469429,0.013675479
66.919998,66.412216,0.014400416
66.300003,65.796928,-0.009264681
66.059998,65.558739,-0.003620063
65.589996,65.092308,-0.007114704
65.57,65.072464,-0.000304859
65.449997,64.953369,-0.00183019
66.029999,65.528969,0.008861742
68.239998,67.722198,0.033469609
73.199997,72.644562,0.072684646
71.779999,71.235336,-0.019398919
74.870003,74.301895,0.043048284
75.050003,74.48053,0.002404178
74.370003,73.805687,-0.009060663
73.519997,72.962135,-0.011429363
72.879997,72.326988,-0.008705159
72.989998,72.436157,0.001509381
70.760002,70.223083,-0.030552063
71.150002,70.610123,0.005511578
72.690002,72.138435,0.021644375
73.25,72.694183,0.00770391
72.129997,71.58268,-0.015290123
71.93,71.384201,-0.002772724
70.940002,70.401718,-0.013763312
71.019997,70.481102,0.001127586
70.760002,70.223083,-0.003660825
72.089996,71.542984,0.018795828
71.660004,71.116257,-0.005964624
71.510002,70.967392,-0.002093263
72.940002,72.386543,0.019997226
74.010002,73.448418,0.014669508
74.610001,74.043869,0.008107064
74.779999,74.212578,0.002278501
72.339996,71.791084,-0.032629159
71.900002,71.354431,-0.006082273
71.809998,71.265106,-0.001251849
72.860001,72.307144,0.014621995
72.32,71.77124,-0.007411494
72.279999,71.731544,-0.000553091
73.779999,73.220161,0.020752613
74.010002,73.448418,0.003117406
73.230003,72.674339,-0.010539083
73.449997,72.892662,0.003004128
74.25,73.6866,0.010891878
75.360001,74.788177,0.014949489
76.540001,75.959221,0.015658143
76.82,76.237099,0.003658252
76.290001,75.711121,-0.006899239
77.25,76.663834,0.012583528
75.650002,75.075974,-0.020711983
77.339996,76.753151,0.02233973
77.190002,76.604294,-0.001939425
75.029999,74.460678,-0.027982974
74.809998,74.242348,-0.002932152
72.639999,72.088814,-0.029006814
73.32,72.763657,0.009361272
71.910004,71.364357,-0.019230754
72.730003,72.178131,0.011403087
73.800003,73.240013,0.014711963
74.82,74.252274,0.013821147
74.559998,73.99424,-0.003475099
74.080002,73.517891,-0.00643765
73.989998,73.428566,-0.00121501
73.709999,73.150696,-0.003784222
73.239998,72.684258,-0.006376399
72.470001,71.920105,-0.010513322
71.889999,71.344505,-0.008003325
71.599998,71.056702,-0.00403399
72.489998,71.939949,0.012430172
72.400002,71.850639,-0.001241452
74.169998,73.607201,0.02444741
74.849998,74.282043,0.009168152
73.989998,73.428566,-0.011489681
74.389999,73.825531,0.005406139
75.040001,74.470604,0.008737804
75.879997,75.30423,0.011194028
76.360001,75.780586,0.006325754
76.769997,76.187469,0.005369225
78.309998,77.71579,0.020060005
78.360001,77.765411,0.000638493
77.599998,77.011177,-0.009698836
76.940002,76.356186,-0.008505142
77.809998,77.219582,0.011307479
77.339996,76.753151,-0.00604032
78.269997,77.676094,0.012024822
78.459999,77.864655,0.002427529
78.220001,77.626472,-0.003058936
78.529999,77.93412,0.003963184
77.839996,77.249352,-0.008786498
79.110001,78.50972,0.01631558
77.550003,76.961563,-0.019719304
79.089996,78.489868,0.01985803
77.720001,77.130272,-0.01732193
79,78.400558,0.016469357
78,77.408142,-0.012658277
81.440002,80.822044,0.044102622
82.360001,81.735062,0.011296646
82.809998,82.181641,0.005463738
82.050003,81.427414,-0.009177561
79.339996,78.737968,-0.033028754
79.68,79.075394,0.004285429
79.739998,79.134941,0.000753041
80.459999,79.84948,0.009029374
80.660004,80.047966,0.002485752
80.32,79.710541,-0.004215285
79.870003,79.263954,-0.005602609
80.279999,79.670845,0.005133367
81.5,80.881584,0.015196764
81.129997,80.514389,-0.004539909
82.050003,81.427414,0.011339899
81.239998,80.623558,-0.009872056
82.43,81.804527,0.01464794
79.809998,79.204407,-0.031784549
80.440002,79.829628,0.007893765
79.959999,79.353271,-0.00596717
80.699997,80.087654,0.009254603
80.739998,80.12735,0.000495657
80.330002,79.720467,-0.005077954
80.580002,79.968567,0.003112124
79.239998,78.638733,-0.016629459
80.349998,79.740311,0.014008084
79.599998,78.996002,-0.009334162
78.529999,78.529999,-0.005899071
78.870003,78.870003,0.004329607
79.510002,79.510002,0.008114606
80.389999,80.389999,0.011067752
80.339996,80.339996,-0.000622005
79.959999,79.959999,-0.004729861
79.339996,79.339996,-0.007753915
79.800003,79.800003,0.005797921
77.620003,77.620003,-0.027318295
77.400002,77.400002,-0.002834334
79.160004,79.160004,0.022739043
80.919998,80.919998,0.022233374
80.970001,80.970001,0.000617931
81.239998,81.239998,0.003334531
83.849998,83.849998,0.032127032
82.120003,82.120003,-0.020632022
82.75,82.75,0.007671663
85.449997,85.449997,0.032628363
83.629997,83.629997,-0.021299006
84.599998,84.599998,0.011598721
85.309998,85.309998,0.008392435
85.830002,85.830002,0.006095464
85.650002,85.650002,-0.002097169